﻿"COUNT(ride_id)","start_station_name"
"500","Pulaski Rd & Eddy St (Temp)"
"480","Milwaukee Ave & Cuyler Ave"
"471","State St & 95th St"
"469","Narragansett & Wrightwood"
"469","Sacramento Blvd & Addison St"
"462","Western Ave & Gunnison St"
"462","Rockwell St & Cermak Rd"
"457","Maplewood Ave & Peterson Ave"
"452","Lincolnwood Dr & Central St"
"448","Burnham Greenway & 112th St"
"435","Oakley Ave & Touhy Ave"
"432","MLK Jr Dr & 47th St"
"430","Lincoln Ave & Balmoral Ave"
"428","Elston Ave & Henderson St"
"424","Jeffery Blvd & 67th St"
"409","State St & 79th St"
"409","Dodge Ave & Main St"
"388","Kilbourn Ave & Irving Park Rd"
"381","Archer (Damen) Ave & 37th St"
"372","Halsted St & 37th St"
"371","South Shore Dr & 74th St"
"367","California Ave & Winona St"
"363","Stony Island Ave & 64th St"
"362","Washtenaw Ave & Polk St"
"362","MLK Jr Dr & 63rd St"
"362","Western Ave & Berteau Ave"
"358","Fairfield Ave & Roosevelt Rd"
"353","Wolcott Ave & Fargo Ave"
"352","Wentworth Ave & 63rd St"
"348","Harlem & Irving Park"
"342","Halsted St & 47th Pl"
"339","Stony Island Ave & 67th St"
"339","MLK Jr Dr & 56th St"
"339","Wabash Ave & 87th St"
"337","Kedzie Ave & 21st St"
"336","Damen Ave & Pershing Rd"
"328","Princeton Ave & Garfield Blvd"
"327","Dodge Ave & Mulford St"
"327","California Ave & 26th St"
"323","Jeffery Blvd & 71st St"
"318","Ashland Ave & McDowell Ave"
"308","MTV Hubbard St"
"306","Lockwood Ave & Wrightwood Ave"
"305","Albany Ave & Belmont Ave"
"305","N Damen Ave & W Chicago Ave"
"303","Kilpatrick Ave & Parker Ave"
"302","Eberhart Ave & 61st St"
"302","Austin Blvd & Lake St"
"297","Millard Ave & 26th St"
"292","Malcolm X College"
"289","Central Ave & Chicago Ave"
"289","Public Rack - Milwaukee Ave & Diversey Ave"
"288","Stony Island Ave & 71st St"
"287","Cottage Grove Ave & 67th St"
"285","Union Ave & Root St"
"285","Stony Island Ave & 75th St"
"282","Whipple/Irving Park"
"280","Indiana Ave & 40th St"
"279","Kedzie Ave & 57th St"
"278","Western Blvd & 48th Pl"
"274","Kilbourn Ave & Milwaukee Ave"
"269","Austin Blvd & Madison St"
"269","Narragansett & Irving Park"
"267","Campbell Ave & Irving Park Rd"
"264","Central Park Ave & 24th St"
"262","Halsted St & 51st St"
"258","Lincoln Ave & Peterson Ave"
"256","Loomis St & Lexington St*"
"251","Cottage Grove Ave & 83rd St"
"251","Sacramento Blvd & Franklin Blvd"
"248","Lamon Ave & Belmont Ave"
"245","Phillips Ave & 79th St"
"242","Kenosha & Wellington"
"241","Lawler Ave & 50th St"
"232","Ping Tom Park (East)"
"231","Chicago State University"
"230","Kostner Ave & Adams St"
"223","Hoyne Ave & 47th St"
"223","Central Ave & Roscoe St"
"223","Sayre & Diversey"
"221","Western Ave & 111th St"
"218","Calumet Park"
"217","Rockwell St & Archer Ave"
"216","Base - 2132 W Hubbard Warehouse"
"216","Public Rack - Hamlin Ave & Fullerton Ave"
"215","Halsted & 63rd - Kennedy-King Vaccination Site"
"215","Exchange Ave & 79th St"
"215","Albany Ave & 26th St"
"214","Cottage Grove Ave & 71st St"
"213","Kedzie Ave & Roosevelt Rd"
"213","Kilbourn & Roscoe"
"207","Kedzie Ave & 24th St"
"203","Yates Blvd & 75th St"
"203","Maryland Ave & 104th St"
"202","Eastlake Ter & Howard St"
"202","Green St & Madison Ave*"
"201","Halsted St & 96th St"
"199","Ashland Ave & Pershing Rd"
"198","Rainbow Beach"
"197","Evans Ave & 75th St"
"196","Lavergne & Fullerton"
"194","Kostner Ave & Wrightwood Ave"
"190","Big Marsh Park"
"190","Perry Ave & 69th St"
"190","Marshfield Ave & 44th St"
"189","Public Rack - California Ave & Cortez St"
"188","State St & 54th St"
"186","Austin Blvd & Chicago Ave"
"184","Walden Pkwy & 100th St"
"181","May St & 69th St"
"181","Elizabeth St & Randolph St"
"175","Narragansett Ave & School St"
"174","Western Ave & 104th St"
"172","State St & Pershing Rd"
"168","Burnham Greenway & 105th St"
"161","Western & 28th - Velasquez Institute Vaccination Site"
"161","Mulligan Ave & Wellington Ave"
"159","Central Ave & Madison St"
"159","Commercial Ave & 83rd St"
"159","Public Rack - Lawndale Ave & Diversey Ave"
"158","Damen Ave & 59th St"
"157","Racine Ave & Garfield Blvd"
"156","Harding Ave & 26th St"
"155","Cottage Grove Ave & 111th Pl"
"154","Washtenaw Ave & Peterson Ave"
"153","Komensky Ave & 31st St"
"150","Vernon Ave & 79th St"
"149","Shields Ave & 43rd St"
"148","Orange & Addison"
"146","Long Ave & Belmont Ave"
"146","Kilpatrick Ave & Grand Ave"
"146","Prospect Sq & 91st St"
"146","Public Rack - Spaulding Ave & North Ave"
"146","Public Rack - Christiana Ave & Belmont Ave"
"145","Halsted St & 78th St"
"145","Kostner Ave & Armitage Ave"
"144","Stony Island Ave & 82nd St"
"144","Central Ave & Lake St"
"140","Pulaski Rd & 21st St"
"140","Commercial Ave & 130th St"
"139","N Clark St & W Elm St"
"137","Sacramento Ave & Pershing Rd"
"136","Dauphin Ave & 87th St"
"135","Laramie Ave & Madison St"
"134","Central Park Ave & Ohio St"
"134","Public Rack - Cicero Ave & Wrightwood Ave"
"134","Public Rack - Pulaski Rd & Armitage Ave"
"133","Long Ave & Belden Ave"
"133","St Louis Ave & 59th St"
"132","Houston Ave & 92nd St"
"132","Public Rack - Spaulding Ave & Evergreen Ave"
"131","Laramie Ave & Kinzie St"
"131","Central Park Blvd & 5th Ave"
"131","Lawndale Ave & 30th St"
"130","Indiana Ave & 103rd St"
"129","Virginia Ave & Catalpa Ave"
"127","Elizabeth St & 92nd St"
"127","Kedzie Ave & 52nd St"
"127","Eggleston Ave & 69th St"
"126","Fullerton & Monitor"
"126","Seeley Ave & Garfield Blvd"
"125","Washtenaw Ave & Superior St"
"124","MLK Jr Dr & 83rd St"
"124","Hale Ave & 107th St"
"123","Halsted St & 73rd St"
"122","Jeffery Blvd & 76th St"
"122","Public Rack - Washtenaw Ave & Devon Ave"
"121","Western Ave & Ardmore Ave"
"121","Lawndale Ave & 111th St"
"120","Ashland Ave & 63rd St"
"120","Lamon Ave & Armitage Ave"
"120","Stewart Ave & 83rd St"
"120","Public Rack - Lowell Ave & Elston Ave"
"119","Public Rack - Kostner Ave & Armitage Ave"
"118","Baltimore Ave & 87th St"
"117","Cicero Ave & Lake St"
"116","Vernon Ave & 75th St"
"116","Albany Ave & 16th St"
"116","Pulaski Rd & 44th St"
"115","Latrobe Ave & Chicago Ave"
"114","Stewart Ave & 63rd St"
"114","Archer Ave & 43rd St"
"113","Pulaski & Ann Lurie Pl"
"113","Public Rack - Hamlin Ave & Montrose Ave"
"112","Central Ave & Parker Ave"
"109","Greenwood Ave & 97th St"
"108","Homewood Ave & 115th St"
"107","Ellis Ave & 83rd St"
"107","Kedzie Ave & Harrison St"
"107","Ashland Ave & 50th St"
"107","Stony Island Ave & 90th St"
"107","Kilbourn & Belden"
"106","Komensky Ave & 55th St"
"106","Halsted St & Fulton St"
"105","Morgan St & Pershing Rd"
"105","Pulaski Rd & Lake St"
"104","Marquette Ave & 89th St"
"104","Summit Ave & 86th St"
"104","Hyde Park Blvd & 55th St"
"103","Pulaski Rd & Congress Pkwy"
"103","Ashland Ave & Garfield Blvd"
"103","Midway Orange Line"
"101","Halsted St & 56th St"
"101","Public Rack - Kedzie Ave & Argyle St"
"101","Public Rack - Milwaukee Ave & Haussen Ct"
"100","Phillips Ave & 83rd St"
"100","Torrence Ave & 106th St"
"99","Cottage Grove Ave & 78th St"
"99","Avenue O & 118th St"
"99","Public Rack - Monticello Ave & Belmont Ave"
"98","St Louis Ave & Norman Bobbins Ave"
"98","Rockwell St & 57th St"
"98","Oak Park & Wellington"
"97","Tripp Ave & 65th St"
"97","Cicero Ave & Grace St"
"97","Constance Ave & 95th St"
"96","East End Ave & 87th St"
"95","Hamlin Ave & 62nd Pl"
"95","Meade Ave & Diversey Ave"
"93","Kostner Ave & 63rd St"
"93","Halsted St & 111th St"
"93","California Ave & Marquette Rd"
"93","Major Taylor Trail & 115th St"
"92","Damen Ave & 51st St"
"91","Monticello Ave & Chicago Ave"
"91","Artesian Ave & 55th St"
"91","Vernon Ave & 107th St"
"91","Francisco Ave & 47th St"
"90","Richmond St & Lincoln Ave"
"90","Kedzie Ave & 110th St"
"90","Cicero Ave & Quincy St"
"90","Oglesby Ave & 100th St"
"90","Kedzie Ave & 45th St"
"90","Public Rack - Mozart Elementary School"
"89","Shabbona Park"
"89","Stony Island Ave & South Chicago Ave"
"88","California & 16th St"
"88","Eberhart Ave & 91st St"
"88","Dauphin Ave & 103rd St"
"88","Kildare Ave & 47th St"
"87","Clyde Ave & 87th St"
"87","Loomis St & 89th St"
"87","Public Rack - Lockwood Ave & Diversey Ave"
"86","Halsted St & 104th St"
"85","Cornell Dr & Hayes Dr"
"85","Sacramento Blvd & Fulton Ave"
"85","Washtenaw Ave & Madison St"
"85","Doty Ave & 111th St"
"84","Karlov Ave & Madison St"
"84","Homan Ave & 65th St"
"84","Campbell Ave & Montrose Ave (Temp)"
"83","Public Rack - Milwaukee Ave & School St"
"82","Vincennes Ave & 104th St"
"82","Fairfield Ave & 44th St"
"82","Loomis Blvd & 84th St"
"81","Hegewisch Metra Station"
"80","Central Ave & Harrison St"
"80","Greenwood Ave & 91st St"
"78","Ewing Ave & Burnham Greenway"
"78","Public Rack - Woodlawn Ave & 63rd St - NE"
"77","Central Park & Augusta Blvd"
"77","Public Rack - Keystone Ave & North Ave"
"76","Kenton Ave & Madison St"
"76","Kenneth Ave & 50th St"
"75","Elizabeth St & 47th St"
"75","Major Taylor Trail & 124th St"
"74","Western Ave & Lake St"
"73","Throop St & 52nd St"
"73","Kenton Ave & Palmer St"
"72","Ashland Ave & 78th St"
"72","W 103rd St & S Avers Ave"
"72","Public Rack - Kenton Ave & Palmer St"
"70","Greenwood Ave & 79th St"
"69","Ashland Ave & 74th St"
"69","Spaulding Ave & 63rd St"
"69","State St & 76th St"
"68","Elizabeth St & 59th St"
"68","Avenue O & 134th St"
"68","Milwaukee Ave & Diversey Ave"
"67","Halsted St & 69th St"
"67","Bennett Ave & 79th St"
"67","Racine Ave & 109th Pl"
"64","Central Park Ave & Douglas Blvd"
"63","Kostner Ave & Lake St"
"63","Public Rack - Avers Ave & Irving Park Rd"
"62","Springfield Ave & 47th St"
"62","Hyde Park Blvd & 53rd St"
"62","Public Rack - Western Ave & Jarvis Ave"
"61","Oketo Ave & Addison St"
"61","Cicero Ave & Flournoy St"
"61","Western Blvd & 49th St"
"60","Pulaski Rd & 60th St"
"59","Woodlawn Ave & 75th St"
"59","Hoyne Ave & 34th St"
"58","Michigan Ave & 71st St"
"58","Damen Ave & 33rd St"
"58","Torrence Ave & 126th Pl"
"57","Meade Ave & Addison St"
"57","Eberhart Ave & 131st St"
"57","Vincennes Ave & 75th St"
"57","Wabash Ave & 83rd St"
"57","Public Rack - Rockwell Ave & Touhy Ave "
"56","Campbell Ave & 51st St"
"56","State St & 123rd St"
"55","Francisco Ave & Hollywood Ave"
"55","La Villita Park (Albany/30th)"
"55","South Chicago Ave & 83rd St"
"55","Public Rack - Western Ave & Devon Ave"
"55","Public Rack - Jensen Park"
"54","Halsted St & 59th St"
"54","Lawndale Ave & 16th St"
"54","Commercial Ave & 100th St"
"54","Public Rack - Keystone Ave & Irving Park Rd"
"54","Public Rack - Karlov Ave & Kamerling Ave"
"54","Public Rack - Washtenaw Ave & Superior St"
"53","Mason Ave & Belmont Ave"
"53","Bloomingdale Ave & Harlem Ave"
"53","Maplewood Ave & 59th St"
"53","Yates Blvd & 93rd St"
"53","Christiana Ave & Archer Ave"
"52","Harold Washington Park"
"51","Rhodes Ave & 71st St"
"51","Richmond St & 59th St"
"51","Mozart Elementary School"
"50","Harlem Ave & Grace St"
"50","Lamon Ave & Chicago Ave"
"50","Nordica & Medill"
"49","Cicero Ave & Wrightwood Ave"
"49","Halsted St & 63rd St"
"48","Olive Harvey College"
"48","Public Rack - Sacramento Ave & Devon Ave"
"48","Public Rack - Jonathan Y Scammon Public School"
"48","Public Rack - Racine Ave & 109th Pl"
"47","Roscoe & Harlem"
"47","Racine Ave & 61st St"
"47","Eggleston Ave & 92nd St"
"47","Altgeld Gardens"
"47","Martin Luther King Dr & 111th St"
"46","Tripp Ave & 31st St"
"46","Spaulding Ave & 16th St"
"45","Laramie Ave & Gladys Ave"
"45","Mozart St & Jackson Blvd"
"44","California Ave & 36th St"
"44","Racine Ave & 65th St"
"44","Western Ave & Jarvis Ave"
"43","Homan Ave & Fillmore St"
"43","Kildare & Cermak"
"43","Hamlin Ave & Fullerton Ave"
"43","Robert Fulton Elementary School"
"41","Calumet Ave & 71st St"
"41","Narragansett & McLean"
"41","Bradley Park"
"41","Hamlin Ave & Montrose Ave"
"41","Public Rack - Woodlawn Ave & 63rd St N"
"40","Sacramento Ave & 25th St"
"40","Lafayette Ave & 95th St"
"39","Kimbark Ave & 67th St"
"39","Newcastle Ave & Belden Ave"
"38","Plainfield & Irving Park"
"38","Public Rack - Harold Washington Park"
"37","Whipple St & Roosevelt Rd"
"37","Marshfield Ave & 59th St"
"37","Kildare Ave & 55th St"
"37","Michigan Ave & 114th St"
"37","Cicero Ave & Wellington Ave"
"37","Ada St & 113th St"
"37","Public Rack - Sawyer Ave & Lawrence Ave"
"37","Public Rack - Kilbourn Ave & Fullerton Ave"
"37","Public Rack - California Ave & Touhy Ave - NW"
"37","Public Rack - State ST & 42nd St"
"37","Public Rack - Milwaukee Ave & Addison St"
"37","Public Rack - Hamlin Ave & Grand Ave"
"36","Major Ave & Bloomingdale Ave"
"36","Long Ave & North Ave"
"36","Kedzie Ave & 104th St"
"36","Damen Ave & 74th St"
"36","Public Rack - Christiana Ave & Lawrence Ave"
"35","Spaulding Ave & Evergreen Ave"
"35","Ashland Ave & 66th St"
"35","Pulaski Rd & 51st Rd"
"35","NewHastings"
"35","Public Rack - Nagle Ave & Belmont Ave"
"34","Pulaski Rd & Fullerton Ave"
"34","Public Rack - Christiana Ave & Archer Ave"
"33","Albany Ave & Douglas Blvd"
"33","Monticello Ave & Belmont Ave"
"33","Augusta Blvd & Laramie Ave"
"33","Homewood Ave & Monterey Ave"
"33","Woodlawn & 103rd - Olive Harvey Vaccination Site"
"33","Public Rack - California Ave & Devon Ave - NW"
"33","Public Rack - Lake Shore Dr & Hayes Dr"
"32","Kildare Ave & 26th St"
"32","Public Rack - King Dr & 115th St"
"32","Public Rack - Chopin Park"
"32","Kedzie Ave & 61st Pl"
"32","Public Rack - Pulaski Rd & Fullerton Ave"
"31","Rockwell St & 63rd St"
"31","Sacramento Blvd & Polk St"
"31","Lawndale Ave & Diversey Ave"
"31","Nagle Ave & Belmont Ave"
"31","Public Rack - Cicero Ave & Roscoe St"
"30","Western Ave & 62nd St"
"30","Leamington Ave & Hirsch St"
"30","Walden Pkwy & 103rd St"
"30","Public Rack - Fullerton Ave & Narragansett Ave"
"30","Public Rack - Rockwell & Division"
"29","Avenue L & 114th St"
"29","Carpenter St & 63rd St"
"29","Milwaukee Ave & Haussen Ct"
"29","Wood St & 47th St"
"29","Public Rack - Lorel Ave & Grand Ave"
"29","Public Rack - Sacramento Ave & Greenleaf Ave"
"29","Public Rack - Laramie Ave & Belmont Ave"
"28","Keeler Ave & Roosevelt Rd"
"28","Public Rack - Austin Ave & Roscoe St"
"28","Public Rack - McCormick Blvd & Devon Ave"
"28","Public Rack - Eli Whitney Public School"
"27","Wentworth Ave & 104th St"
"27","Kedzie Ave & 54th St - SE"
"27","Public Rack - California Ave & Ogden Ave"
"27","Public Rack - Kildare Ave & Division St"
"27","Public Rack - Penn Elementary School / KIPP Ascend Middle School"
"26","Lavergne Ave & Division St"
"26","Loomis St & 87th St"
"26","Public Rack - Loomis St & 87th St"
"25","Public Rack - Avondale Ave & Addison St"
"25","Public Rack - Pulaski Rd & 44th St"
"25","Public Rack - Western Blvd & 49th St"
"24","Lavergne Ave & 46th St"
"24","Troy Ave & 27th St"
"24","Public Rack - Laramie Ave & Fullerton Ave"
"24","Public Rack - Campbell Ave & Pratt Blvd"
"23","Public Rack - Grand Ave & North Ave"
"23","Public Rack - Spaulding Ave & Foster Ave"
"23","Public Rack - Calumet Ave & 51st St"
"22","Keystone Ave & North Ave"
"22","Pulaski Rd & Armitage Ave"
"22","Public Rack - Drake Ave & Leland Ave"
"22","Public Rack - Kostner Ave & North Ave"
"22","Public Rack - Kedvale Ave & Avondale Ave"
"22","Public Rack - Karlov Ave & Milwaukee Ave"
"21","Menard Ave & Division St"
"21","Christiana Ave & Belmont Ave"
"21","Public Rack - St Louis Ave & Berteau Ave"
"21","Marquette Ave & 79th St"
"20","Tripp Ave & 15th St"
"20","South Chicago Ave & Elliot Ave"
"20","Pullman - Walmart"
"20","Troy St & Jackson Blvd"
"20","Western Ave & 79th St"
"20","Public Rack - Menard Ave & Dakin St - midblock"
"20","Public Rack - Kostner Ave & Diversey Ave"
"19","Lowell Ave & Elston Ave"
"19","Kedzie Ave & 54th St - SW"
"19","Public Rack - Walden Pkwy & 103rd St"
"18","Kildare Ave & Chicago Ave"
"18","Jonathan Y Scammon Public School"
"18","Avers Ave & Archer Ave"
"18","Public Rack - Cicero Ave & Cortland St - midblock"
"18","Public Rack - Spaulding Ave & Bryn Mawr Ave"
"18","Public Rack - Western Ave & 96th St"
"18","Public Rack - Champlain Ave & 65th St"
"18","Western Ave & 28th St"
"17","Steelworkers Park"
"17","Prairie Ave & 47th St - midblock"
"17","532 E 43rd St"
"17","Milwaukee Ave & Addison St"
"17","Pulaski & 52nd"
"17","Kedzie Ave & 58th St"
"17","Public Rack - Cicero Ave & North Ave"
"17","Public Rack - Kimball Ave & Carmen Ave"
"17","Kedzie Ave & 63rd St"
"17","Public Rack - Hyde Park Blvd & 55th St"
"17","Public Rack - Prairie Ave & 47th St "
"17","Hastings LWS"
"16","Spaulding Ave & North Ave"
"16","North Ave & New England Ave"
"16","Public Rack - California Ave & Devon Ave - NE"
"16","Public Rack - Laramie Ave & Grand Ave"
"16","Public Rack - Cicero Ave & Wellington Ave"
"16","Public Rack - Avers Ave & Ogden Ave"
"15","Brandon Ave & 91st St"
"15","Neva Ave & Grand Ave"
"15","Cottage Grove Ave & 111th St"
"15","N Narragansett Ave & Grand Ave"
"15","Public Rack - Cicero Ave & Altgeld St"
"15","Public Rack - Chase Ave & Touhy Ave - NE"
"14","Kolin Ave & Archer Ave"
"14","Western Ave & 92nd Pl"
"14","Menard Ave & North Ave"
"14","Public Rack - Kedvale Ave & Addison St"
"14","Public Rack - Melvina Ave & Belmont Ave"
"14","Public Rack - Woodlawn Ave & 63rd St - SE"
"14","Greenwood Ave & Lake Park Ave"
"14","Public Rack - Hoyne Ave & 110th Pl"
"13","Parkside Ave & Armitage Ave"
"13","Panama Ave & Grace St"
"13","Komensky Ave & 59th St"
"13","Rockwell Ave & Touhy Ave "
"13","Wood St & 103rd St"
"13","S Aberdeen St & W 106th St"
"13","Albany Ave & 63rd St"
"13","Public Rack - Menard Ave & Grand Ave"
"13","Public Rack - Austin Ave & Wrightwood Ave"
"13","Public Rack - Halsted St & 95th St - SE"
"12","Talman Ave & 51st St - midblock"
"12","Milwaukee Ave & School St"
"12","Racine Ave & 76th"
"12","Public Rack - Narragansett Ave & Fullerton Ave"
"12","Public Rack - Eberhart Ave & 61st St"
"12","Western Ave & 100th St"
"12","Public Rack - Linder Ave & Belmont Ave"
"12","Public Rack - King Dr & Oakwood Blvd"
"12","Public Rack - Central Ave & George St"
"12","Abbott Park"
"12","Public Rack - Lafayette Ave & 95th St"
"11","Damen Ave & 47th St"
"11","Narragansett Ave & Fullerton Ave"
"11","Cottage Grove Ave & 98th St"
"11","Kedzie Ave & Pershing Rd"
"11","Kedzie Ave & Archer Ave"
"11","Christiana Ave & 55th St"
"11","Bell Ave & 95th St"
"11","Public Rack - Tripp Ave & North Ave"
"11","Public Rack - Evans Ave & 63rd St"
"11","Public Rack - Wood St & 103rd St"
"10","Kildare Ave & Division St"
"10","S Wentworth Ave & W 111th St"
"10","Laramie Ave & Belmont Ave"
"10","California Ave & Devon Ave - NE"
"10","Cottage Grove & 86th St"
"10","Langley Ave & 79th St"
"10","Public Rack - Laramie Ave & Warwick Ave"
"10","Claremont Ave & 71st St"
"10","Public Rack - Western Ave & 110th St"
"10","Public Rack - Kimbark Ave & 67th St"
"10","Public Rack - Brainerd Park"
"9","Eli Whitney Public School"
"9","Menard Ave & Dakin St - midblock"
"9","Cottage Grove Ave & 87th St"
"9","Keystone Ave & Irving Park Rd"
"9","Karlov Ave & Kamerling Ave"
"9","Avers Ave & Irving Park Rd"
"9","Kedzie Ave & 64th St - SW"
"9","Emerald Ave & 43rd St"
"9","Morgan St & 95th St"
"9","Divvy Valet - Oakwood Beach"
"9","Public Rack - Christiana Ave & Bryn Mawr Ave"
"9","Public Rack - Leclaire Ave & Division St"
"9","Public Rack - Komensky Ave & 26th St"
"9","Public Rack - Midway Orange Line"
"9","Public Rack - Fairfield Ave & 63rd St"
"8","Spaulding Ave & Bryn Mawr Ave"
"8","Hamlin Ave & Grand Ave"
"8","Laramie Ave & Fullerton Ave"
"8","California Ave & Devon Ave - NW"
"8","Kimball Ave & Carmen Ave"
"8","63rd & Western Ave - south corner"
"8","California Ave & Pershing Rd"
"8","Hoyne Ave & 110th Pl"
"8","Marshfield Ave & 45th St"
"8","Walden Pkwy & 99th St"
"8","Springfield Ave & 63rd St"
"8","Western Ave & 111th St - NW"
"8","Racine Ave & 74th St"
"8","Public Rack - Central Park Ave & Ogden Ave"
"8","Halsted St & 76th St"
"8","Public Rack - Ashland Ave & 83rd St"
"8","Public Rack - Pulaski & 52nd"
"8","Public Rack - Central Ave & Corcoran Pl"
"7","Kedzie Ave & Argyle St"
"7","Sacramento Ave & Greenleaf Ave"
"7","Cicero Ave & North Ave"
"7","Sacramento Ave & Devon Ave"
"7","Central Ave & Corcoran Pl"
"7","111th St - Morgan Park Metra"
"7","Public Rack - Sawyer Ave & Bryn Mawr Ave - SW"
"7","Public Rack - South Shore Dr & 71st St"
"7","Public Rack - Prairie Ave & Garfield Blvd"
"7","Pullman - Ross Dress for Less"
"7","Public Rack - Pulaski Rd & Roosevelt Rd"
"7","Public Rack - Normal Ave & 111th St"
"7","Public Rack - Lawndale Ave & Polk St"
"7","Public Rack - Fullerton Ave & Lavergne Ave"
"7","Commercial Ave & 89th St"
"7","Public Rack - Lawndale Ave & 23rd St"
"7","Public Rack - Pullman - Walmart"
"7","Public Rack - Throop St & 109th Pl"
"7","Stony Island Ave & 63rd St"
"6","Laramie Ave & Grand Ave"
"6","Kostner Ave & North Ave"
"6","Sawyer Ave & Bryn Mawr Ave - SE"
"6","Kedvale Ave & 63rd St"
"6","Kedvale Ave & Avondale Ave"
"6","California Ave & Touhy Ave - NW"
"6","Indiana Ave & 133rd St"
"6","Pulaski Rd & 41st"
"6","Harding Ave & 47th St"
"6","Cottage Grove Ave & 75th St"
"6","Bishop St & 46th St"
"6","St Louis Ave & Berteau Ave"
"6","Longwood Dr & 111th St"
"6","Martin Luther King Dr & 44th St"
"6","Public Rack - Chase Ave & Touhy Ave - NW"
"6","Public Rack - Karlov Ave & 26th St"
"6","Public Rack - Sacramento Blvd & Division St"
"6","Public Rack - Marquette Rd & 67th St"
"6","Halsted St & 80th St"
"6","Public Rack - Kedzie Ave & Archer Ave"
"6","Pubic Rack - Pulaski Rd & 41st"
"6","Public Rack - Stewart Ave & 123rd St"
"6","Public Rack - Komensky Ave & 31st St"
"5","Harper Ave & 63rd St"
"5","Grand Ave & North Ave"
"5","Calumet Ave & Garfield Blvd"
"5","Central Ave & George St"
"5","Oglesby Ave & 95th St"
"5","Waller Ave & Chicago Ave"
"5","Austin Ave & Wrightwood Ave"
"5","Kenneth Ave & 63rd St"
"5","Sawyer Ave & 111th St"
"5","Sawyer Ave & Lawrence Ave"
"5","Rutherford Ave & Belmont Ave"
"5","Strohacker Park"
"5","Cicero Ave & Altgeld St"
"5","Hamlin Ave & Chicago Ave"
"5","Albany Ave & 111th St - NW"
"5","Public Rack - Lawndale Ave & 63rd St"
"5","Buffalo Ave & 89th St"
"5","Winchester Ave & 87th St"
"5","Rockwell & 111th St"
"5","Mt Greenwood Library - South"
"5","Public Rack - Cicero Ave & Le Moyne St - midblock"
"5","Harriet E Sayre Public School"
"5","Cottage Grove & 85th St"
"5","Public Rack - Exchange Ave & 73rd Pl"
"5","Public Rack - Hamlin Ave & Chicago Ave"
"5","Public Rack - Pulaski Rd & Lake St"
"5","Hiawatha Park"
"5","Public Rack - Homan Ave & 26th St"
"5","Public Rack - Lorel Ave & Chicago Ave"
"5","Washtenaw Ave & 63rd St"
"5","Lafayette Ave & 87th St - SW"
"5","Public Rack - Peterson Ave & Bernard Ave"
"5","Oketo Ave & Belmont Ave"
"5","Public Rack - Western Ave & 47th Pl"
"5","Public Rack - Wood St & 47th St"
"5","Public Rack - Kildare Ave & North Ave"
"5","Public Rack - Kostner Ave & Wrightwood Ave"
"5","Public Rack - Cottage Grove Ave & 87th St"
"5","Public Rack - Houston Ave & 131st St"
"5","Public Rack - California Ave & Marquette Rd"
"4","WEST CHI-WATSON"
"4","McVicker Ave & Grand Ave"
"4","Evans Ave & 63rd St"
"4","Yates Blvd & Exchange Ave"
"4","Cicero Ave & Roscoe St"
"4","Austin Ave & Roscoe St"
"4","Ashland Ave & 71st St"
"4","Mayfield & Roosevelt Rd"
"4","Chase Ave & Touhy Ave - NW"
"4","Throop St & 58th St"
"4","California Ave & 29th St"
"4","Latrobe Ave & Lake St"
"4","Brighton Park Branch Chicago Library"
"4","Kilbourn Ave & Fullerton Ave"
"4","Avondale Ave & Addison St"
"4","Oleander Ave & Addison St"
"4","WestChi"
"4","63rd & Western Ave - north corner"
"4","Menard Ave & Madison St"
"4","Public Rack - Central Ave & North Ave"
"4","Justine St & 87th St"
"4","Ewing Ave & 105th St"
"4","Menard Ave & Agusta Blvd"
"4","Western Ave & 118th St"
"4","Archer Park"
"4","Western Ave & 105th St"
"4","Mackinaw Ave & 106th St"
"4","Ingleside Ave & 79th St"
"4","Public Rack - Langley Ave & 49th St"
"4","Western Ave & 111th St - SE"
"4","Morgan St & 87th St"
"4","Public Rack - Central Park Ave & Fillmore St"
"4","Public Rack - Al Raby School"
"4","Public Rack - Stony Island & 87th St"
"4","Public Rack - California Ave & Touhy Ave - SW"
"4","Public Rack - Ashland Ave & 91st St"
"4","Public Rack - Francisco Ave & Touhy Ave"
"4","Langley Ave & 105th Pl"
"4","Public Rack - Kedzie Ave & 61st Pl W"
"4","Public Rack - N Narragansett Ave & Grand Ave"
"4","Public Rack - Halsted St & 64th St"
"4","Public Rack - Kedzie Ave & 61st Pl E"
"4","Public Rack - Talman Ave & Pershing Rd"
"4","Public Rack - 111th St - Morgan Park Metra"
"4","Public Rack - Hyde Park Blvd & 53rd St"
"4","Public Rack - Western Ave & 92nd Pl"
"4","Public Rack - Langley Ave & 79th St"
"4","Public Rack - Michigan Ave & 113th St"
"3","Newcastle Ave & Belmont Ave"
"3","Spaulding Ave & Foster Ave"
"3","Kimbark Ave & 63rd St"
"3","Perry Ave & 108th Pl"
"3","McCormick Blvd & Devon Ave"
"3","Avenue J & 112th St"
"3","Houston Ave & 91st St"
"3","Stony Is Ave & 73rd St"
"3","Ashland Ave & 45th St - midblock south"
"3","Ashland Ave & 45th St"
"3","Ewing Ave & 106th St"
"3","Green St & 103rd St"
"3","Ashland Ave & 46th St"
"3","Menard Ave & Grand Ave"
"3","Western Ave & 111th St - SW"
"3","Calumet Ave & 103rd St"
"3","Public Rack - McVicker Ave & Grand Ave"
"3","Cottage Grove Ave & 91st St"
"3","Piotrowski Park"
"3","Halsted St & 95th St - SW"
"3","Harvard Ave & 103rd St"
"3","Pulaski Rd & 40th St"
"3","Public Rack - Harvey Ave & North Ave"
"3","Kedzie Ave & 64th St - SE"
"3","Public Rack - Austin Blvd & North Ave"
"3","Torrence Ave  & 106th St"
"3","Forrestville Ave & 47th St"
"3","Ewing Ave & 96th St"
"3","Public Rack - Latrobe Ave & Lake St"
"3","Public Rack - Jeffery Blvd & 81st St"
"3","Pittsburgh Ave & Irving Park"
"3","Public Rack - Kingston Ave & 75th St"
"3","Public Rack - Lamon Ave & Erie St"
"3","Public Rack - La Moyne Ave and Leamington Ave"
"3","Public Rack - Zapata Academy"
"3","Public Rack - Saginaw Ave & 93rd St"
"3","Public Rack - Pulaski Rd & 5th Ave"
"3","Public Rack - Western Ave & 98th St"
"3","Public Rack - Western Ave & 107th Pl"
"3","Public Rack - Michigan Ave & 107th St"
"3","Homan Ave & 111th St"
"3","Emerald Ave & 45th St"
"3","Kildare Ave & 63rd St"
"3","Public Rack - Pulaski Rd & 15th St"
"3","Public Rack - Legler Regional Library"
"3","Public Rack - Hamlin Ave & Madison St"
"3","Public Rack - Wallace St & 119th St"
"3","Western Ave & 116th St"
"3","Public Rack - Ashland Ave & 76th St"
"3","Western Ave & 106th St - East"
"3","Public Rack - Kedzie Ave & 54th St - SE"
"3","Public Rack - Kedzie Ave & 62nd Pl"
"3","Public Rack - Greenwood Ave & Lake Park Ave"
"3","Public Rack - Oketo Ave & Belmont Ave"
"3","Public Rack - Ewing Ave & 107th St"
"3","Public Rack - Lawndale & 63rd St"
"3","Public Rack - Pulaski Rd & 51st Rd"
"3","Public Rack - Kedzie Ave & 64th St - SW"
"3","Public Rack - Bell Ave & 95th St"
"3","Public Rack - Colfax Ave & 83rd St"
"3","Public Rack - Hamilton Ave & 95th St"
"3","Public Rack - Pulaski Rd & 65th St"
"3","Public Rack - Perry Ave & 108th Pl"
"3","Public Rack - Kedzie Ave & Chicago Ave"
"3","Public Rack - Longwood Dr & 111th St"
"3","Public Rack - Robert Fulton Elementary School"
"3","Public Rack - Baltimore Ave & 133rd St"
"3","Public Rack - Halsted St & 95th St - SW"
"2","S Michigan Ave & E 118th St"
"2","Avenue M & 132nd St"
"2","Central Ave & North Ave"
"2","Morgan St & 103rd St"
"2","Chase Ave & Touhy Ave - NE"
"2","Austin Ave & Wellington Ave - midblock"
"2","Halsted St & 102nd St"
"2","Austin Blvd & North Ave"
"2","Newcastle Ave & Wellington Ave"
"2","Karlov Ave & Milwaukee Ave"
"2","State St & 47th st"
"2","Normal Ave & 72nd St"
"2","Linder Ave & Belmont Ave"
"2","Stewart Ave & 123rd St"
"2","Menard Ave & Belmont Ave"
"2","Hamilton Ave & 95th St"
"2","Kildare Ave & Washignton Blvd"
"2","Cicero Ave & Le Moyne St - midblock"
"2","Zapata Academy"
"2","Mackinaw Ave & 108th St"
"2","Colfax Ave & 83rd St"
"2","Maryland Ave & 87th ST"
"2","Cicero Ave & Cortland St - midblock"
"2","Public Rack - Menard Ave & Belmont Ave"
"2","Ewing Ave & 101st St"
"2","Mason Ave & Roosevelt Rd"
"2","Avenue J & 106th St"
"2","Lorel Ave & Chicago Ave"
"2","Public Rack - Sawyer Ave & Bryn Mawr Ave - SE"
"2","Mt Greenwood Library - North"
"2","Laflin St & 51st St"
"2","Ewing Ave & Indianapolis Ave"
"2","Michigan Ave & 119th St"
"2","Buffalo Ave & 133rd St"
"2","Newland Ave & Diversey Ave"
"2","Ewing Ave & 112th St"
"2","Jeffrey Blvd & 71st St"
"2","Public Rack - Perry Ave & 111th St"
"2","Lowe Ave & 98th St"
"2","Halsted St & 41st St"
"2","Back of the Yards Park"
"2","Lafayette Ave & 87th St - NW"
"2","Public Rack - Ewing Ave & 106th St"
"2","Public Rack - Cornell Ave & 87th Pl"
"2","Public Rack - Paxton Ave & 79th St"
"2","Hale Ave & 111th St"
"2","Ozark Ave & Addison St"
"2","Eggleston Ave & 114th St"
"2","Public Rack - Kedzie Ave & 61st Pl"
"2","Lafayette Ave & 119th St"
"2","Public Rack - Kedzie Ave & Walnut St"
"2","Lawrence Ave & 103rd St"
"2","Public Rack - Ashland Ave & 63rd St"
"2","Ellis Ave & 132nd Pl"
"2","Public Rack - Pulaski Rd & 40th St"
"2","Muskegon Ave & 89th St"
"2","Western Ave & 104th St - East"
"2","Chappel Ave & 71st St"
"2","Public Rack - Whipple St & 26th St"
"2","Public Rack - Neva Ave & Grand Ave"
"2","Western Ave & 106th St - West"
"2","Public Rack - Western Ave & 100th St"
"2","Public Rack - 532 E 43rd St"
"2","Public Rack - Pulaski Rd & Grenshaw St"
"2","Public Rack - Mt Greenwood Library N"
"2","Public Rack - Austin Ave & Wellington Ave"
"2","Public Rack - Avers Ave & Archer Ave"
"2","Public Rack - Kedvale Ave & 26th St"
"2","Public Rack - Washington Park Ct & 51st St"
"2","Public Rack - Albany Ave & 111th St - NW"
"2","Public Rack - Kolin Ave & Archer Ave"
"2","Public Rack - May St & 78th St"
"2","Public Rack - Emerald Ave & 45th St"
"2","Public Rack - Racine Ave & 76th"
"2","Public Rack - Damen Ave & 47th St"
"2","Public Rack - Kenneth Ave & 63rd St E"
"2","Public Rack - Kedzie Ave & 54th St - SW"
"2","Public Rack - Prairie Ave & Garfield Blvd N"
"2","Public Rack - Kedzie Ave & 58th St"
"2","Public Rack - Pullman Community Center"
"2","Public  Rack - Albany Ave & 63rd St"
"2","Public Rack - Kedzie Ave & 63rd St"
"2","Public Rack - Halsted St & 76th St"
"2","Public Rack - Laflin St & 51st St"
"2","Public Rack - Rockwell & 111th St"
"2","Public Rack - 63rd & Western Ave S"
"2","Public Rack - Ashland Ave & 71st St"
"2","Public Rack - Halsted St & 102nd St"
"2","Public Rack - Harvard Ave & 119th St"
"2","Public Rack - East End Ave & 87th St"
"2","Public Rack - Commercial Ave & 89th St"
"1","Legler Regional Library"
"1","Ewing Ave & 99th St"
"1","Chopin Park"
"1","Stony Island Ave & 86th St"
"1","Melvina Ave & Belmont Ave"
"1","Ada St & 95th St"
"1","Michigan Ave & 110th St"
"1","Ada St & 79th St"
"1","Penn Elementary School / KIPP Ascend Middle School"
"1","Milwaukee Ave & Waveland Ave"
"1","83rd St (Avalon Park) Metra"
"1","Lawndale Ave & Polk St"
"1","May St & 63rd St"
"1","Lamon Ave & Archer Ave"
"1","Lake Park Ave & 44th St"
"1","Parnell Ave & 119th St"
"1","Keeler Ave & 55th St"
"1","Al Raby School"
"1","Troy & 111th St"
"1","Christiana Ave & Bryn Mawr Ave"
"1","California Ave & Ogden Ave"
"1","Sacramento Blvd & Washington Blvd"
"1","Wallace St & 112 St"
"1","Bensley Ave & 103rd St"
"1","Kedzie & 103rd St - East"
"1","Avers Ave & Ogden Ave"
"1","Public Rack - Langley Ave & Oakwood Blvd"
"1","Baltimore Ave & 133rd St"
"1","New England Ave & Grace St"
"1","Albany Ave & 103rd St"
"1","Martin Luther King Dr & 69th St"
"1","Greenwood Ave & 87th St"
"1","Cottage Grove Ave & 92nd St"
"1","Vincennes Ave & 95th Pl"
"1","Mackinaw Ave & 85th St"
"1","Public Rack - Halsted St & 113th St"
"1","Public Rack - Pulaski Rd & Flournoy St"
"1","Michigan Ave & 113th St"
"1","Plainfield Ave & Irving Park Rd"
"1","Ada St & 117th St"
"1","Ashland Ave & 73rd St"
"1","Public Rack - Central Park Ave & 16th St"
"1","Rhodes Ave & 79th St"
"1","Loomis Blvd & 83rd St"
"1","Public Rack - Roswell B. Mason Elementary School"
"1","Wentworth Ave & 103rd St"
"1","Ashland Ave & 76th St"
"1","Public Rack - 53rd St & Indiana Ave"
"1","Public Rack - Halsted St & 109th St"
"1","Tuley (Murray) Park"
"1","Public Rack - Kostner Ave & 16th St"
"1","Public Rack - Kedzie Ave & Arthington St"
"1","Menard Ave & Adams Blvd"
"1","Sangamon St & 79th St"
"1","Halsted St & 64th St"
"1","Bennett Ave & 96th St"
"1","Public Rack - 10557 S Western Ave"
"1","Parnell Ave & 98th St"
"1","Public Rack - Keeler Ave & 26th St"
"1","Park Manor Elementary School"
"1","Michigan Ave & 102nd St"
"1","Halsted St & 95th St - SE"
"1","Public Rack - Spencer Elementary Technology Academy"
"1","Damen Ave & 80th St"
"1","Yale Ave & 119th St"
"1","Austin Branch Chicago Public Library"
"1","Public Rack - Langley Ave & 87th St"
"1","Public Rack - Richmond St & Thorndale Ave"
"1","Public Rack - Western Ave & 107th St"
"1","Public Rack - Kedzie Ave & 60th St"
"1","Public Rack - Clyde Ave & 87th St"
"1","Pullman Community Center"
"1","Michigan Ave & 96th St"
"1","Drexel Ave & 87th St"
"1","Corliss Ave & 133rd St"
"1","Public Rack - Peterson Ave & Drake Ave"
"1","10101 S Stony Island Ave"
"1","Oglesby Ave & 105th St"
"1","Marshfield Ave & 87th St"
"1","Trumbull Ave & 111th St"
"1","Public Rack - Michele Clark Magnet High School"
"1","Jeffery Blvd & 83rd St"
"1","Public Rack - Laporte Ave & Armitage Ave"
"1","Kildare Ave & Division Ave"
"1","Princeton Ave & 43rd St"
"1","Laflin St & 79th St"
"1","Public Rack - Kimbark Ave & 63rd St"
"1","Public Rack - Martin Luther King Dr & 69th St"
"1","Public Rack - Central Park Ave & Fulton Blvd"
"1","Public Rack - Homan Ave & Lake St"
"1","Public Rack - Sawyer Ave & Chicago Ave"
"1","William Rainey Harper High School"
"1","Public Rack - Western Ave & 106th St - East"
"1","Public Rack - Rutherford Ave & Belmont Ave"
"1","Public Rack - Western Ave & 104th St - East"
"1","Public Rack - Ashland Ave & 45th St"
"1","Public Rack - Morgan St & 95th St"
"1","Public Rack - Cottage Grove & 86th St"
"1","Public Rack - East End Ave & 75th St"
"1","Public Rack - Division St & Christiana Ave"
"1","Public Rack - Wabash Ave & 87th St"
"1","Public Rack - Keef Ave & South Chicago Ave"
"1","Public Rack - Western Ave & 118th St"
"1","Public Rack - King Dr & 83rd St"
"1","Public Rack - Newcastle Ave & Belmont Ave"
"1","Public Rack - Parnell Ave & 103rd St"
"1","Public Rack - Kedzie Ave & 64th St - SE"
"1","Public Rack - Harriet E Sayre Public School"
"1","Public Rack - Eggleston Ave & 115th St"
"1","Public Rack - Lafayette Ave & 87th St SW"
"1","Public Rack - Walden Pkwy & 99th St"
"1","Public Rack - 63rd & Western Ave N"
"1","Public Rack - Cottage Grove Ave & 92nd St"
"1","Public Rack - Abbott Park"
"1","Public Rack - Nordica Ave & Addison St"
"1","Public Rack - Buffalo Ave & 133rd St"
"1","Public Rack - Avenue J & 102nd St"
"1","Public Rack - Ewing Ave & 95th St"
"1","Public Rack - Ewing Ave & 96th St S"
"1","Public Rack - Michigan Ave & 119th St"
"1","Public Rack - Hoyne Ave & 51st St"
"1","Public Rack - Cottage Grove & 85th St"
"1","Public Rack - Loomis Blvd & 47th St"
"1","Public Rack - Talman Ave & 51st St"
"1","Public Rack - Damen Ave & 80th St"
"1","Public Rack - Percy Julian HS"
"1","Public Rack - Komensky Ave & 59th St"
"1","Public Rack - Mt Greenwood Library - South"
"1","Public Rack - Pittsburgh Ave & Irving Park"
"1","Public Rack - Western Ave & 111th St - SE"
"1","Public Rack - Peoria St & 60th St"
"1","Public Rack - Princeton Ave & 43rd St"
"1","Public Rack - Maplewood Ave & 47th St"
"1","Public Rack - Indiana Ave & 111th St"
"1","Public Rack - Halsted St & 80th St"
"1","Public Rack - Newcastle Ave & Belden Ave"
"1","Public Rack - Cottage Grove Ave & 75th St"
"1","Public Rack - Maplewood Ave & 63rd St"
"1","Public Rack - Komensky Ave & 63rd St"
"1","Public Rack - Albany Ave & 63rd St"
"1","Public Rack - Kedzie & 103rd St - W"
"1","Public Rack - Menard Ave & Agusta Blvd"
"1","Public Rack - Pullman - Planet Fitness"
"1","Public Rack - Wentworth Ave & 79th St"
