﻿"COUNT(ride_id)","start_station_name"
"60505","Streeter Dr & Grand Ave"
"32964","DuSable Lake Shore Dr & North Blvd"
"32842","DuSable Lake Shore Dr & Monroe St"
"31858","Michigan Ave & Oak St"
"28518","Wells St & Concord Ln"
"27171","Millennium Park"
"27061","Theater on the Lake"
"26330","Clark St & Elm St"
"24853","Kingsbury St & Kinzie St"
"23690","Wells St & Elm St"
"22538","Clark St & Armitage Ave"
"21977","Broadway & Barry Ave"
"21274","Clark St & Lincoln Ave"
"20975","Indiana Ave & Roosevelt Rd"
"20812","Wabash Ave & Grand Ave"
"20137","Wilton Ave & Belmont Ave"
"19970","Shedd Aquarium"
"19578","Clinton St & Madison St"
"19572","Clark St & Wrightwood Ave"
"19538","Wells St & Huron St"
"19497","Clinton St & Washington Blvd"
"19222","Dearborn St & Erie St"
"18643","St. Clair St & Erie St"
"18244","Michigan Ave & Washington St"
"18239","Wells St & Hubbard St"
"17977","LaSalle St & Illinois St"
"17761","Sheffield Ave & Fullerton Ave"
"17753","DuSable Lake Shore Dr & Diversey Pkwy"
"17717","Clark St & Newport St"
"17374","University Ave & 57th St"
"17365","Larrabee St & Webster Ave"
"17146","Clark St & Drummond Pl"
"17052","Ashland Ave & Division St"
"17015","Lakeview Ave & Fullerton Pkwy"
"16980","Canal St & Adams St"
"16823","Green St & Madison St"
"16739","Michigan Ave & Lake St"
"16661","Montrose Harbor"
"16492","McClurg Ct & Ohio St"
"16474","Loomis St & Lexington St"
"16418","Ellis Ave & 60th St"
"16260","Wabash Ave & Roosevelt Rd"
"16259","New St & Illinois St"
"16198","Broadway & Cornelia Ave"
"16185","Dearborn Pkwy & Delaware Pl"
"16158","Broadway & Waveland Ave"
"16078","Halsted St & Roscoe St"
"15949","Damen Ave & Pierce Ave"
"15889","Lincoln Ave & Fullerton Ave"
"15888","Halsted St & Clybourn Ave"
"15875","Sheffield Ave & Waveland Ave"
"15737","State St & Chicago Ave"
"15719","Dusable Harbor"
"15646","DuSable Lake Shore Dr & Belmont Ave"
"15627","Wells St & Evergreen Ave"
"15433","Southport Ave & Roscoe St"
"15413","Halsted St & Wrightwood Ave"
"15376","DuSable Lake Shore Dr & Wellington Ave"
"15309","Desplaines St & Kinzie St"
"15080","Pine Grove Ave & Waveland Ave"
"15053","Clark St & Schiller St"
"14749","Fairbanks Ct & Grand Ave"
"14073","Southport Ave & Waveland Ave"
"13988","State St & Randolph St"
"13759","Larrabee St & Kingsbury St"
"13758","Clinton St & Jackson Blvd"
"13657","Sheridan Rd & Irving Park Rd"
"13653","Michigan Ave & 8th St"
"13556","Columbus Dr & Randolph St"
"13545","Federal St & Polk St"
"13543","Sheffield Ave & Wellington Ave"
"13402","Clinton St & Lake St"
"13376","Sheffield Ave & Wrightwood Ave"
"13335","Dearborn St & Monroe St"
"13286","Wilton Ave & Diversey Pkwy"
"13175","Kingsbury St & Erie St"
"13152","Sheffield Ave & Webster Ave"
"13057","Ellis Ave & 55th St"
"12988","Peoria St & Jackson Blvd"
"12981","Adler Planetarium"
"12959","Clark St & Wellington Ave"
"12861","Rush St & Cedar St"
"12701","Orleans St & Merchandise Mart Plaza"
"12679","Broadway & Belmont Ave"
"12628","Franklin St & Jackson Blvd"
"12420","Halsted St & Dickens Ave"
"12389","Stockton Dr & Wrightwood Ave"
"12187","Franklin St & Chicago Ave"
"12029","Mies van der Rohe Way & Chestnut St"
"11962","Sedgwick St & North Ave"
"11850","McClurg Ct & Erie St"
"11774","Clark St & Lake St"
"11678","Rush St & Superior St"
"11639","State St & Kinzie St"
"11554","Pine Grove Ave & Irving Park Rd"
"11511","Mies van der Rohe Way & Chicago Ave"
"11459","Halsted St & Polk St"
"11445","Lincoln Ave & Diversey Pkwy"
"11385","Broadway & Sheridan Rd"
"11338","Daley Center Plaza"
"11319","Clark St & Randolph St"
"11305","Franklin St & Lake St"
"11294","Kimbark Ave & 53rd St"
"11261","Ravenswood Ave & Lawrence Ave"
"11173","Wabash Ave & 9th St"
"11163","Morgan St & Polk St"
"11140","Milwaukee Ave & Grand Ave"
"11134","Canal St & Madison St"
"11008","Burling St & Diversey Pkwy"
"10910","Clark St & Winnemac Ave"
"10855","Sheridan Rd & Montrose Ave"
"10820","Racine Ave & Fullerton Ave"
"10819","Franklin St & Monroe St"
"10797","Racine Ave & Belmont Ave"
"10793","Wood St & Milwaukee Ave"
"10691","Lakefront Trail & Bryn Mawr Ave"
"10649","Sedgwick St & Webster Ave"
"10560","Franklin St & Illinois St"
"10401","Clark St & Grace St"
"10265","LaSalle St & Jackson Blvd"
"10202","Michigan Ave & Jackson Blvd"
"10061","Clarendon Ave & Gordon Ter"
"10025","Clark St & North Ave"
"10012","State St & 33rd St"
"9980","Sheffield Ave & Kingsbury St"
"9944","Lincoln Park Conservatory"
"9936","May St & Taylor St"
"9871","Southport Ave & Wellington Ave"
"9754","Wabash Ave & Wacker Pl"
"9712","Bissell St & Armitage Ave*"
"9632","Sedgwick St & Huron St"
"9556","LaSalle Dr & Huron St"
"9530","Kedzie Ave & Milwaukee Ave"
"9501","Ritchie Ct & Banks St"
"9446","Greenview Ave & Fullerton Ave"
"9420","Cityfront Plaza Dr & Pioneer Ct"
"9372","Field Blvd & South Water St"
"9332","Southport Ave & Belmont Ave"
"9313","Clark St & Chicago Ave"
"9126","California Ave & Milwaukee Ave"
"9114","Canal St & Monroe St"
"9085","Stetson Ave & South Water St"
"9081","Clarendon Ave & Junior Ter"
"9064","Aberdeen St & Jackson Blvd"
"9060","Milwaukee Ave & Wabansia Ave"
"9038","Damen Ave & Cortland St"
"9030","Southport Ave & Wrightwood Ave"
"9009","Michigan Ave & 14th St"
"8921","Halsted St & Willow St"
"8854","Larrabee St & Division St"
"8742","Shore Dr & 55th St"
"8714","Ogden Ave & Chicago Ave"
"8711","Honore St & Division St"
"8592","Green St & Randolph St*"
"8588","Desplaines St & Randolph St"
"8577","900 W Harrison St"
"8568","Dayton St & North Ave"
"8548","Canal St & Jackson Blvd"
"8480","Sheffield Ave & Willow St"
"8475","Desplaines St & Jackson Blvd"
"8282","Carpenter St & Huron St"
"8233","Burnham Harbor"
"8172","Clark St & Berwyn Ave"
"8105","Michigan Ave & Madison St"
"8063","Aberdeen St & Randolph St"
"7975","Wells St & Walton St"
"7950","Michigan Ave & Pearson St"
"7903","Clifton Ave & Armitage Ave"
"7865","Wolcott Ave & Polk St"
"7849","Wells St & Polk St"
"7842","Southport Ave & Clybourn Ave"
"7831","Damen Ave & Chicago Ave"
"7815","Halsted St & Maxwell St"
"7798","Wentworth Ave & Cermak Rd"
"7693","Michigan Ave & 18th St"
"7666","Western Ave & Winnebago Ave"
"7607","Rush St & Hubbard St"
"7350","Franklin St & Adams St (Temp)"
"7349","Aberdeen St & Monroe St"
"7338","Wabash Ave & Adams St"
"7250","Morgan St & Lake St"
"7236","Sheridan Rd & Buena Ave"
"7222","Ashland Ave & Blackhawk St"
"7211","Clark St & Leland Ave"
"7183","Orleans St & Chestnut St (NEXT Apts)"
"7143","Lakefront Trail & Wilson Ave"
"7042","Ogden Ave & Race Ave"
"7036","Field Museum"
"7010","Fort Dearborn Dr & 31st St"
"7008","Wacker Dr & Washington St"
"6971","State St & Van Buren St"
"6906","Sangamon St & Washington Blvd"
"6854","Eckhart Park"
"6819","Larrabee St & Armitage Ave"
"6807","Calumet Ave & 18th St"
"6800","Dearborn St & Adams St"
"6786","Damen Ave & Division St"
"6710","Ellis Ave & 58th St"
"6701","Paulina St & Flournoy St"
"6681","Financial Pl & Ida B Wells Dr"
"6659","Broadway & Wilson - Truman College Vaccination Site"
"6626","Paulina Ave & North Ave"
"6619","Orleans St & Hubbard St"
"6560","LaSalle St & Washington St"
"6543","MLK Jr Dr & 29th St"
"6537","Broadway & Argyle St"
"6526","Elston Ave & Cortland St"
"6386","Clinton St & Roosevelt Rd"
"6330","Wabash Ave & 16th St"
"6308","Woodlawn Ave & 55th St"
"6283","Walsh Park"
"6217","Noble St & Milwaukee Ave"
"6204","Jefferson St & Monroe St"
"6166","Ada St & Washington Blvd"
"6160","Racine Ave & Wrightwood Ave"
"6129","Sangamon St & Lake St"
"6128","Michigan Ave & Ida B Wells Dr"
"6127","Cornell Ave & Hyde Park Blvd"
"6095","Clark St & Bryn Mawr Ave"
"6066","Larrabee St & Oak St"
"6041","Damen Ave & Thomas St (Augusta Blvd)"
"6031","Southport Ave & Irving Park Rd"
"5967","Broadway & Berwyn Ave"
"5894","Throop St & Taylor St"
"5881","Fairbanks St & Superior St"
"5870","Lincoln Ave & Roscoe St*"
"5870","Racine Ave & Congress Pkwy"
"5868","State St & Harrison St"
"5844","Halsted St & Roosevelt Rd"
"5844","Marine Dr & Ainslie St"
"5715","Clybourn Ave & Division St"
"5701","State St & Pearson St"
"5678","Western Ave & Leland Ave"
"5652","Calumet Ave & 33rd St"
"5595","Clarendon Ave & Leland Ave"
"5591","Buckingham Fountain"
"5584","Lake Park Ave & 56th St"
"5530","Western Ave & Walton St"
"5488","Wood St & Chicago Ave"
"5469","Broadway & Thorndale Ave"
"5451","Delano Ct & Roosevelt Rd"
"5439","Ashland Ave & Augusta Blvd"
"5437","Ashland Ave & Grace St"
"5431","Lake Park Ave & 53rd St"
"5429","Larrabee St & North Ave"
"5380","Racine Ave & 18th St"
"5320","Cannon Dr & Fullerton Ave"
"5315","Canal St & Taylor St"
"5312","Broadway & Ridge Ave"
"5307","Broadway & Granville Ave"
"5276","Greenview Ave & Diversey Pkwy"
"5135","Dearborn St & Van Buren St"
"5107","Ashland Ave & Wellington Ave"
"5104","Sheridan Rd & Lawrence Ave"
"5064","Bissell St & Armitage Ave"
"5057","Clark St & Montrose Ave"
"5012","Leavitt St & North Ave"
